Trainable_Params_Millions,Test_Accuracy
0.11529,82.73736128236744
0.52745,86.68310727496917
1.244682,84.58692971639951
3.27103,80.8877928483354
0.52745,86.06658446362515
0.52745,86.55980271270037
